{
  "loss_history": [
    0.47680265532023663,
    0.40973867324815283,
    0.3825958323651466,
    0.3737394347570945,
    0.3620470554932304,
    0.35782874105633167,
    0.3479330643363621,
    0.34092491778774536,
    0.32233966433483624,
    0.31137393263803015,
    0.30363582247409265,
    0.2898253249949303,
    0.2837084529624469,
    0.2743656598571418,
    0.26269915678362915,
    0.2567475351734438,
    0.252963748747024,
    0.24872809281383734,
    0.2405340967402942,
    0.24011390062345975,
    0.23401480200498,
    0.232480238745178,
    0.2298911505419275,
    0.22436959091304004,
    0.22399240883364194,
    0.22303367632886636,
    0.2159330276907354,
    0.21537088462408038,
    0.21270680254784183,
    0.21057968403118243,
    0.2095747248850007,
    0.20820178091526031,
    0.20428453990514728,
    0.20215045498765033,
    0.1962320273337157,
    0.20272223154703775,
    0.19732735057671866,
    0.19619722167650858,
    0.1962991463749305,
    0.19089518077131631,
    0.18737341733514398,
    0.18945054979859918,
    0.19192129481529843,
    0.18862290064925732,
    0.18586657854957858,
    0.18150572230418524,
    0.1808668222764264,
    0.1832105236640875,
    0.18301585856555164,
    0.18034421339415121
  ],
  "metrics": {
    "accuracy": 0.9257915019989014,
    "precision": 0.8210361067375034,
    "recall": 0.6731016730930103,
    "f1": 0.7397453981502914
  }
}